timestamp,violation
2026-04-09 22:06:16,NO-Hardhat
2026-04-09 22:06:16,NO-Mask
2026-04-09 22:06:18,NO-Safety Vest
2026-04-09 22:06:23,NO-Safety Vest
2026-04-10 10:46:38,NO-Mask
2026-04-10 10:46:38,NO-Hardhat
2026-04-10 10:46:39,NO-Hardhat
2026-04-10 10:46:39,NO-Mask
2026-04-10 10:46:40,NO-Mask
2026-04-10 10:46:41,NO-Mask
2026-04-10 10:46:41,NO-Mask
2026-04-10 10:46:43,NO-Mask
2026-04-10 10:46:44,NO-Hardhat
2026-04-10 10:46:45,NO-Hardhat
2026-04-10 10:46:46,NO-Hardhat
2026-04-10 10:46:47,NO-Mask
2026-04-10 10:46:48,NO-Hardhat
2026-04-10 10:46:48,NO-Hardhat
2026-04-10 10:46:49,NO-Hardhat
2026-04-10 10:46:50,NO-Hardhat
2026-04-10 10:46:51,NO-Mask
2026-04-10 10:46:51,NO-Hardhat
2026-04-10 10:46:51,NO-Mask
2026-04-10 10:46:52,NO-Hardhat
2026-04-10 10:47:04,NO-Hardhat
2026-04-10 10:47:07,NO-Hardhat
2026-04-10 10:47:08,NO-Hardhat
2026-04-10 10:47:17,NO-Mask
2026-04-10 10:47:17,NO-Hardhat
2026-04-10 10:47:18,NO-Hardhat
2026-04-10 10:47:19,NO-Hardhat
2026-04-10 10:47:21,NO-Hardhat
2026-04-10 10:47:22,NO-Hardhat
2026-04-10 10:47:23,NO-Hardhat
2026-04-10 10:47:24,NO-Hardhat
2026-04-10 10:47:25,NO-Hardhat
2026-04-10 10:47:26,NO-Hardhat
2026-04-10 10:47:27,NO-Hardhat
2026-04-10 10:47:28,NO-Hardhat
2026-04-10 10:47:29,NO-Hardhat
2026-04-10 10:47:29,NO-Hardhat
2026-04-10 10:57:00,NO-Mask
2026-04-10 10:57:00,NO-Safety Vest
2026-04-10 10:57:03,NO-Hardhat
2026-04-10 10:57:03,NO-Mask
2026-04-10 10:57:03,NO-Hardhat
2026-04-10 10:57:03,NO-Mask
2026-04-10 10:57:03,NO-Safety Vest
2026-04-10 10:57:04,NO-Mask
2026-04-10 10:57:04,NO-Safety Vest
2026-04-10 10:57:04,NO-Mask
2026-04-10 10:57:04,NO-Mask
2026-04-10 10:57:04,NO-Safety Vest
2026-04-10 10:57:05,NO-Hardhat
2026-04-10 10:57:05,NO-Mask
2026-04-10 10:57:05,NO-Safety Vest
2026-04-10 10:57:05,NO-Mask
2026-04-10 10:57:05,NO-Safety Vest
2026-04-10 10:57:06,NO-Hardhat
2026-04-10 10:57:06,NO-Mask
2026-04-10 10:57:06,NO-Mask
2026-04-10 10:57:06,NO-Safety Vest
2026-04-10 10:57:07,NO-Mask
2026-04-10 10:57:07,NO-Hardhat
2026-04-10 10:57:07,NO-Mask
2026-04-10 10:57:07,NO-Safety Vest
2026-04-10 10:57:07,NO-Mask
2026-04-10 10:57:07,NO-Safety Vest
2026-04-10 10:57:08,NO-Hardhat
2026-04-10 10:57:08,NO-Mask
2026-04-10 10:57:08,NO-Safety Vest
2026-04-10 10:57:08,NO-Mask
2026-04-10 10:57:08,NO-Safety Vest
2026-04-10 10:57:09,NO-Hardhat
2026-04-10 10:57:09,NO-Mask
2026-04-10 10:57:09,NO-Mask
2026-04-10 10:57:09,NO-Safety Vest
2026-04-10 10:57:09,NO-Mask
2026-04-10 10:57:10,NO-Hardhat
2026-04-10 10:57:10,NO-Mask
2026-04-10 10:57:10,NO-Safety Vest
2026-04-10 10:57:10,NO-Mask
2026-04-10 10:57:10,NO-Safety Vest
2026-04-10 10:57:11,NO-Hardhat
2026-04-10 10:57:11,NO-Mask
2026-04-10 10:57:11,NO-Mask
2026-04-10 10:57:11,NO-Safety Vest
2026-04-10 10:57:12,NO-Mask
2026-04-10 10:57:12,NO-Mask
2026-04-10 10:57:12,NO-Safety Vest
2026-04-10 10:57:13,NO-Mask
2026-04-10 10:57:13,NO-Mask
2026-04-10 10:57:13,NO-Safety Vest
2026-04-10 10:57:14,NO-Hardhat
2026-04-10 10:57:14,NO-Mask
2026-04-10 10:57:14,NO-Safety Vest
2026-04-10 10:57:14,NO-Mask
2026-04-10 10:57:14,NO-Hardhat
2026-04-10 10:57:14,NO-Mask
2026-04-10 10:57:14,NO-Safety Vest
2026-04-10 10:57:14,NO-Mask
2026-04-10 10:57:14,NO-Safety Vest
2026-04-10 10:57:16,NO-Hardhat
2026-04-10 10:57:16,NO-Mask
2026-04-10 10:57:16,NO-Safety Vest
2026-04-10 10:57:16,NO-Mask
2026-04-10 10:57:16,NO-Safety Vest
2026-04-10 10:57:17,NO-Mask
2026-04-10 10:57:17,NO-Mask
2026-04-10 10:57:17,NO-Safety Vest
2026-04-10 10:57:17,NO-Hardhat
2026-04-10 10:57:17,NO-Mask
2026-04-10 10:57:17,NO-Safety Vest
2026-04-10 10:57:18,NO-Mask
2026-04-10 10:57:18,NO-Safety Vest
2026-04-10 10:57:18,NO-Hardhat
2026-04-10 10:57:18,NO-Mask
2026-04-10 10:57:18,NO-Safety Vest
2026-04-10 10:57:18,NO-Mask
2026-04-10 10:57:19,NO-Mask
2026-04-10 10:57:19,NO-Safety Vest
2026-04-10 10:57:19,NO-Hardhat
2026-04-10 10:57:19,NO-Mask
2026-04-10 10:57:19,NO-Safety Vest
2026-04-10 10:57:19,NO-Mask
2026-04-10 10:57:19,NO-Safety Vest
2026-04-10 10:57:20,NO-Hardhat
2026-04-10 10:57:20,NO-Mask
2026-04-10 10:57:20,NO-Safety Vest
2026-04-10 10:57:21,NO-Mask
2026-04-10 10:57:21,NO-Mask
2026-04-10 10:57:21,NO-Safety Vest
2026-04-10 10:57:21,NO-Mask
2026-04-10 10:57:21,NO-Hardhat
2026-04-10 10:57:21,NO-Mask
2026-04-10 10:57:22,NO-Mask
2026-04-10 10:57:22,NO-Safety Vest
2026-04-10 10:57:22,NO-Hardhat
2026-04-10 10:57:22,NO-Mask
2026-04-10 10:57:22,NO-Safety Vest
2026-04-10 10:57:22,NO-Mask
2026-04-10 10:57:22,NO-Safety Vest
2026-04-10 10:57:23,NO-Hardhat
2026-04-10 10:57:23,NO-Mask
2026-04-10 10:57:23,NO-Safety Vest
2026-04-10 10:57:23,NO-Mask
2026-04-10 10:57:23,NO-Safety Vest
2026-04-10 10:57:24,NO-Mask
2026-04-10 10:57:24,NO-Mask
2026-04-10 10:57:24,NO-Safety Vest
2026-04-10 10:57:24,NO-Hardhat
2026-04-10 10:57:24,NO-Mask
2026-04-10 10:57:24,NO-Safety Vest
2026-04-10 10:57:25,NO-Mask
2026-04-10 10:57:25,NO-Safety Vest
2026-04-10 10:57:26,NO-Hardhat
2026-04-10 10:57:26,NO-Mask
2026-04-10 10:57:26,NO-Safety Vest
2026-04-10 10:57:27,NO-Mask
2026-04-10 10:57:27,NO-Safety Vest
2026-04-10 11:09:17,NO-Hardhat
2026-04-10 11:09:17,NO-Mask
2026-04-10 11:09:18,NO-Hardhat
2026-04-10 11:09:18,NO-Mask
2026-04-10 11:09:18,NO-Safety Vest
2026-04-10 11:13:46,NO-Safety Vest
2026-04-10 11:13:48,NO-Hardhat
2026-04-10 11:13:48,NO-Mask
2026-04-10 11:13:48,NO-Safety Vest
2026-04-10 11:22:59,NO-Safety Vest
2026-04-10 11:23:06,NO-Safety Vest
2026-04-10 11:23:08,NO-Safety Vest
2026-04-10 11:23:19,NO-Mask
2026-04-10 11:23:20,NO-Hardhat
2026-04-10 11:23:20,NO-Mask
2026-04-10 11:23:20,NO-Safety Vest
2026-04-10 11:23:40,NO-Hardhat
2026-04-10 11:23:40,NO-Mask
2026-04-10 11:23:40,NO-Safety Vest
2026-04-10 11:23:53,NO-Hardhat
2026-04-10 11:23:53,NO-Mask
2026-04-10 11:23:53,NO-Safety Vest
2026-04-10 18:51:01,NO-Hardhat
2026-04-10 18:51:01,NO-Mask
2026-04-10 18:51:01,NO-Safety Vest
2026-04-10 18:55:29,NO-Safety Vest
2026-04-10 18:55:29,NO-Hardhat
2026-04-10 18:55:29,NO-Mask
2026-04-10 18:58:08,NO-Mask
2026-04-10 18:58:08,NO-Safety Vest
2026-04-10 18:58:08,NO-Hardhat
2026-04-10 18:59:59,NO-Mask
2026-04-10 18:59:59,NO-Safety Vest
2026-04-10 18:59:59,NO-Hardhat
2026-04-10 19:00:24,NO-Hardhat
2026-04-10 19:00:47,NO-Mask
2026-04-10 19:00:47,NO-Safety Vest
2026-04-10 19:00:47,NO-Hardhat
2026-04-10 19:01:15,NO-Mask
2026-04-10 19:01:15,NO-Safety Vest
2026-04-10 19:01:15,NO-Hardhat
2026-04-10 19:02:01,NO-Mask
2026-04-10 19:02:01,NO-Safety Vest
2026-04-10 19:02:01,NO-Hardhat
2026-04-10 19:02:34,NO-Safety Vest
2026-04-10 19:02:34,NO-Mask
2026-04-10 19:02:34,NO-Hardhat
